model,test_acc,test_f1,test_auc
LogisticRegression,0.943502824858757,0.5121951219512195,0.9484726105415761
